Brand,RAM_GB,Storage_GB,Battery_mAh,Screen_Size_inch,Rear_Camera_MP,Front_Camera_MP,Rating,Reviews,OS,Has_5G,Price_USD
Realme,6,128,4500,4.8,13,13,4.0,63429,Android,1,625
Xiaomi,8,256,5000,6.5,12,8,4.6,63072,Android,1,795
Huawei,8,64,5000,5.4,48,8,3.9,27007,Android,1,645
Samsung,8,128,5500,6.4,50,16,3.5,40547,Android,0,750
Huawei,6,512,3500,4.8,50,8,4.6,32359,Android,0,835
Oppo,4,128,4000,5.3,64,20,3.7,77993,Android,1,650
Apple,4,32,4000,5.9,50,13,4.9,22460,iOS,0,875
Samsung,4,128,3000,5.0,13,8,4.3,30337,Android,0,560
Asus,6,256,4500,6.0,48,32,3.8,65895,Android,0,655
Samsung,6,128,5500,6.0,13,16,3.9,72054,Android,0,740
OnePlus,4,256,5500,5.1,13,13,4.3,46358,Android,1,795
Realme,8,32,5500,5.3,64,13,4.7,11307,Android,1,645
Xiaomi,12,64,4500,6.5,108,13,4.5,33409,Android,1,740
Oppo,6,64,4500,5.4,50,8,4.7,67483,Android,1,650
Motorola,6,128,4000,4.9,108,32,4.1,34298,Android,0,520
Xiaomi,8,256,3000,6.7,48,32,3.6,56151,Android,0,640
Sony,12,1024,5000,5.8,108,13,4.5,53556,Android,0,1210
Oppo,4,256,3500,5.5,50,5,3.7,10020,Android,1,705
Samsung,4,32,5000,6.5,64,5,3.8,36153,Android,0,635
Huawei,4,512,4000,6.0,108,32,4.1,72369,Android,1,880
Samsung,6,128,4500,6.4,64,20,5.0,75840,Android,1,750
Oppo,8,128,4000,6.6,50,16,3.6,62747,Android,1,720
Apple,8,256,3000,6.8,13,20,4.8,32837,iOS,1,1095
Huawei,6,128,4500,5.7,64,16,3.1,1600,Android,1,705
Huawei,6,256,4500,5.2,48,8,3.7,65264,Android,0,740
Apple,6,128,4500,7.2,108,8,4.5,47667,iOS,1,1080
Vivo,4,32,3000,6.2,48,13,4.8,31040,Android,1,600
Samsung,8,128,4000,6.8,48,16,4.3,32896,Android,1,785
Xiaomi,8,512,3500,6.1,50,8,3.5,31174,Android,1,780
Samsung,4,64,5000,6.2,48,8,4.7,734,Android,0,660
Samsung,12,128,5000,5.4,200,13,3.3,4300,Android,1,880
Samsung,12,128,4500,6.7,48,13,3.7,69335,Android,1,770
Xiaomi,16,128,4500,5.3,13,32,4.5,45792,Android,1,765
Samsung,8,64,3000,7.0,64,20,3.3,44083,Android,0,655
Apple,4,1024,5000,6.1,13,16,5.0,45966,iOS,0,1280
Samsung,2,64,4500,5.0,108,13,4.6,34235,Android,1,685
Nokia,3,64,6000,6.4,12,20,3.7,61247,Android,1,610
Oppo,12,64,4000,5.3,13,13,4.2,62917,Android,0,715
Samsung,3,64,2500,4.8,12,16,4.9,51112,Android,1,665
Motorola,16,128,4000,5.9,50,13,5.0,33742,Android,0,750
Oppo,8,512,4500,5.9,108,20,3.7,74336,Android,1,880
Samsung,8,32,4500,5.7,48,13,4.5,4676,Android,0,640
Oppo,6,512,5000,6.6,13,32,4.4,8847,Android,0,710
Vivo,6,128,4500,4.9,64,16,3.7,35710,Android,0,515
Huawei,6,64,4500,4.8,12,8,3.8,21325,Android,1,620
Huawei,12,32,5500,5.0,64,13,3.3,14658,Android,0,630
Apple,2,128,4500,5.0,12,16,3.3,8558,iOS,1,895
Sony,16,64,5000,6.4,108,5,4.7,73876,Android,1,915
Xiaomi,12,32,3500,6.7,108,13,4.9,55579,Android,0,640
Apple,3,128,4500,5.3,48,8,4.9,39082,iOS,0,915
Oppo,8,512,4500,4.7,200,16,4.3,33311,Android,0,915
Xiaomi,6,128,3500,5.9,13,13,4.5,56805,Android,0,525
Samsung,6,128,3000,5.3,13,16,4.6,39132,Android,0,580
Motorola,16,128,5500,4.9,200,13,3.9,69132,Android,0,810
Motorola,6,128,4500,6.2,12,13,4.0,31908,Android,0,565
Huawei,4,1024,5000,5.4,13,8,4.3,53298,Android,1,1045
Xiaomi,8,128,3000,6.3,108,5,3.7,18695,Android,1,750
Realme,8,128,3000,6.7,12,5,3.0,54935,Android,1,600
Huawei,4,128,3000,5.9,108,8,4.5,41807,Android,0,625
Samsung,2,32,3500,5.8,13,5,4.6,13521,Android,0,545
Xiaomi,4,512,5500,7.0,48,16,3.1,14906,Android,1,700
Vivo,8,128,4000,5.9,64,16,4.0,10676,Android,0,635
Sony,16,256,4500,5.5,48,16,4.1,73210,Android,0,930
Realme,12,128,4500,7.0,13,5,3.1,47679,Android,1,675
Vivo,4,128,2500,5.5,64,16,4.5,69092,Android,0,480
Samsung,8,512,4500,7.0,48,8,4.8,62853,Android,0,985
Apple,6,128,4000,4.9,200,8,4.8,7485,iOS,1,1085
Samsung,4,512,5000,5.6,200,5,3.1,78925,Android,0,890
Apple,16,64,5500,4.8,13,32,3.5,50909,iOS,1,1110
Realme,4,64,4500,4.9,12,20,4.1,15664,Android,1,550
Sony,6,256,3500,5.4,64,20,3.1,9593,Android,0,665
Samsung,4,64,4000,6.6,50,16,3.7,54619,Android,0,625
Apple,4,1024,6000,6.6,13,20,4.3,27662,iOS,1,1395
Samsung,12,512,2500,5.4,48,16,4.2,25505,Android,1,845
Nokia,12,128,4500,5.3,108,13,3.9,76515,Android,1,725
Realme,6,256,4500,6.7,64,13,3.6,22073,Android,0,640
Huawei,4,128,5000,6.7,108,8,4.0,41416,Android,1,675
Motorola,4,64,4500,5.3,13,13,3.0,23082,Android,0,425
Samsung,3,64,5000,6.5,13,8,4.3,14265,Android,0,600
Xiaomi,8,256,5000,6.1,48,20,3.9,73121,Android,0,725
Oppo,3,128,6000,5.7,50,16,3.2,73762,Android,0,550
Oppo,12,128,6000,6.2,64,16,3.5,3709,Android,1,700
Realme,6,256,5000,5.6,64,13,3.9,6782,Android,1,690
Huawei,6,512,4500,5.6,108,16,4.0,17299,Android,0,805
Apple,3,64,3000,6.2,108,16,3.0,46205,iOS,1,980
Samsung,12,256,2500,6.1,108,5,3.8,5345,Android,1,805
Vivo,6,128,4000,6.0,13,13,3.6,28534,Android,0,555
Apple,6,256,3500,5.8,13,16,3.9,55520,iOS,1,1005
Huawei,6,512,4500,4.9,13,16,4.5,67367,Android,0,740
Xiaomi,12,256,6000,5.0,48,20,4.3,50471,Android,1,755
Realme,8,256,4000,6.5,50,16,4.5,29274,Android,1,680
Xiaomi,16,512,4500,5.4,13,16,3.7,9408,Android,0,735
Samsung,3,128,4500,6.3,108,13,4.6,33040,Android,1,725
Apple,8,128,4500,5.8,108,8,3.3,47508,iOS,0,940
Samsung,6,128,4500,6.8,48,20,3.8,25157,Android,1,720
Apple,3,1024,4000,5.5,48,5,4.1,30553,iOS,1,1380
Oppo,4,256,4000,4.8,50,20,4.7,57803,Android,0,565
Xiaomi,8,256,3000,7.2,48,16,4.5,56261,Android,1,755
Realme,8,256,3500,5.5,48,13,4.5,13562,Android,0,550
Vivo,12,128,4500,5.9,13,8,4.1,29658,Android,0,605
OnePlus,4,256,3000,5.2,13,13,4.0,3213,Android,1,675
OnePlus,8,128,5000,6.5,50,16,3.1,65048,Android,0,680
Oppo,8,256,5500,5.2,108,8,4.9,73976,Android,1,695
Apple,4,128,3500,4.7,50,32,3.1,29298,iOS,0,855
Asus,6,128,4500,7.1,64,8,3.0,52999,Android,0,645
Samsung,6,256,4500,5.4,108,32,4.5,68245,Android,0,795
Xiaomi,4,64,4500,5.7,12,13,4.2,43407,Android,0,505
Samsung,12,32,4000,6.1,48,20,4.6,44546,Android,0,670
Oppo,16,128,5500,5.6,64,13,4.2,60178,Android,1,835
Huawei,8,32,5000,6.8,48,8,3.8,46325,Android,1,735
Xiaomi,8,256,5000,5.2,12,32,3.9,31283,Android,0,615
Xiaomi,8,256,6000,5.2,50,8,3.6,8185,Android,0,640
Apple,12,1024,2500,6.0,64,13,3.7,44501,iOS,1,1360
Samsung,6,128,3500,5.5,64,13,4.1,56539,Android,1,770
Realme,3,64,4500,6.1,12,16,3.4,57545,Android,1,585
OnePlus,8,512,3000,6.6,48,20,3.6,55021,Android,1,850
Vivo,8,128,4500,5.5,108,16,3.5,46978,Android,1,700
Motorola,8,128,4500,6.6,12,13,4.2,14197,Android,1,660
Samsung,6,256,4000,6.1,48,13,3.6,46174,Android,0,695
Samsung,6,64,4500,7.2,200,8,3.5,34357,Android,1,810
Huawei,6,64,4000,6.5,13,16,4.7,33608,Android,0,620
Vivo,6,128,3500,6.0,48,16,3.2,4924,Android,1,570
Oppo,8,512,4500,5.0,64,13,3.6,74692,Android,0,770
OnePlus,8,128,4000,5.1,12,8,4.9,62587,Android,0,680
OnePlus,16,128,2500,4.9,48,13,4.9,52759,Android,1,810
Oppo,4,512,5000,5.6,50,16,3.8,70055,Android,1,815
Realme,6,128,4000,6.3,12,20,3.3,14082,Android,1,590
Apple,4,512,5500,6.4,64,13,4.8,18166,iOS,1,1230
Realme,16,128,3500,5.9,13,5,3.1,70634,Android,1,820
Xiaomi,8,32,5500,7.1,50,8,3.6,21021,Android,1,695
Vivo,6,128,3000,7.0,13,20,3.9,417,Android,0,530
Vivo,3,128,4500,5.5,108,8,3.8,18068,Android,1,660
Vivo,3,128,5000,5.3,50,16,5.0,57168,Android,1,595
Realme,3,128,5000,5.4,48,16,4.1,11621,Android,1,560
Samsung,4,128,4500,6.1,64,13,3.2,28554,Android,1,690
Samsung,6,256,4000,7.0,50,16,4.0,44257,Android,0,800
Apple,12,1024,5000,5.6,48,16,3.2,68006,iOS,0,1450
Sony,6,128,3500,6.9,108,8,3.3,46365,Android,1,805
Vivo,4,128,5000,5.5,50,13,4.3,59347,Android,0,620
Samsung,6,128,3000,5.8,50,32,4.8,46346,Android,0,595
Realme,8,128,4500,5.9,48,20,4.2,54806,Android,0,545
Huawei,8,512,4500,7.0,64,20,4.8,65653,Android,0,850
Motorola,4,128,4000,5.4,48,20,4.1,50018,Android,1,605
Samsung,4,128,6000,6.7,50,13,3.9,61883,Android,1,850
Motorola,8,512,5000,5.2,50,5,3.6,12053,Android,0,690
Apple,6,64,6000,5.9,12,16,3.9,31011,iOS,0,890
Samsung,4,64,4500,6.4,13,8,4.8,9472,Android,1,715
Vivo,4,128,4000,6.9,108,16,4.2,31313,Android,1,570
Samsung,3,512,5000,5.8,64,5,4.6,14861,Android,1,860
OnePlus,8,256,4000,6.6,64,13,3.5,39731,Android,1,790
Samsung,4,128,5000,5.7,50,5,4.6,31704,Android,0,695
Samsung,6,128,4500,7.0,50,20,4.9,15384,Android,0,745
Huawei,6,256,3500,5.2,50,5,3.5,6217,Android,0,505
Sony,12,128,4000,6.3,48,32,3.3,35763,Android,1,860
OnePlus,6,64,3000,4.8,64,16,3.1,6621,Android,1,610
Huawei,8,512,5500,5.3,13,20,3.2,62996,Android,1,840
Motorola,4,128,4000,5.8,12,32,3.5,9225,Android,1,590
Xiaomi,8,256,5000,6.3,108,16,3.1,56188,Android,1,820
Apple,8,128,4000,7.0,64,32,4.9,11494,iOS,1,1045
Realme,4,512,6000,6.8,48,16,4.7,65542,Android,1,830
Vivo,12,256,4500,5.8,13,16,4.1,59557,Android,0,740
Realme,2,64,5000,6.8,12,8,3.9,32078,Android,1,535
Realme,2,64,5500,4.7,13,8,3.5,35668,Android,1,570
Realme,6,128,3500,6.4,50,13,4.2,5206,Android,1,670
Apple,4,256,5500,6.7,12,8,4.0,35217,iOS,1,1075
Samsung,8,128,3000,5.6,48,13,4.6,52560,Android,1,780
Oppo,4,128,5000,4.9,64,13,4.5,11694,Android,1,645
Motorola,4,128,4000,5.8,48,13,4.3,68978,Android,0,620
Realme,12,64,4000,6.2,13,8,3.4,11129,Android,0,525
Samsung,12,256,3500,6.1,64,13,4.3,23235,Android,1,810
Samsung,6,256,5000,6.0,108,16,4.8,38783,Android,0,790
Oppo,4,512,4000,6.4,13,8,4.4,55078,Android,0,760
Oppo,6,256,5000,6.1,50,16,4.4,13661,Android,1,705
Realme,4,128,4000,6.0,13,20,4.1,64960,Android,1,635
Apple,3,128,5000,6.1,200,16,4.5,46899,iOS,0,1080
Xiaomi,8,128,4500,5.8,50,16,3.2,3501,Android,0,575
Realme,6,128,4000,6.2,50,20,4.3,45149,Android,0,555
Samsung,8,64,4500,6.5,13,32,3.2,9606,Android,1,615
Samsung,3,128,3500,5.0,64,16,3.8,58317,Android,1,670
Xiaomi,2,256,6000,5.1,48,16,4.4,62791,Android,0,550
Apple,2,64,4500,7.1,108,13,3.7,25497,iOS,1,940
Motorola,6,128,4500,6.6,48,20,3.7,58624,Android,0,690
Samsung,6,256,6000,6.6,48,16,3.3,24443,Android,0,720
Xiaomi,12,512,3000,5.3,64,13,4.8,8044,Android,0,780
Huawei,4,64,5000,6.2,48,16,3.2,41878,Android,0,570
Samsung,8,512,6000,6.9,64,32,3.5,10807,Android,0,815
Vivo,16,256,3500,6.0,13,16,3.2,57320,Android,0,700
Samsung,3,128,2500,6.9,48,13,4.5,79314,Android,0,635
Motorola,6,1024,4000,5.1,13,20,3.5,45316,Android,0,895
Samsung,8,64,4500,6.1,50,5,4.4,5853,Android,1,690
Samsung,8,256,4500,5.2,13,20,4.0,7043,Android,0,645
Vivo,4,128,4500,6.0,13,16,4.5,74343,Android,0,555
Huawei,3,64,5500,6.3,48,5,4.2,4796,Android,1,555
Xiaomi,8,256,4000,7.0,48,16,4.1,48930,Android,1,825
Xiaomi,8,64,4000,5.0,50,8,3.3,70618,Android,0,550
Huawei,8,256,4000,6.1,50,20,4.3,53155,Android,0,720
Oppo,4,64,5500,6.6,13,8,3.6,40959,Android,0,570
Xiaomi,4,64,4000,6.3,13,13,4.4,23390,Android,0,490
Apple,4,512,5000,7.1,13,8,4.6,39783,iOS,0,1145
Xiaomi,6,128,6000,4.8,13,16,3.5,23338,Android,1,625
Apple,3,64,4000,5.7,64,5,4.5,38831,iOS,1,1000
Oppo,8,32,4000,5.1,13,20,4.7,66560,Android,0,610
OnePlus,4,128,5500,6.7,108,5,4.1,29037,Android,1,780
Realme,16,128,4500,5.0,64,16,3.6,78913,Android,0,730
Realme,4,256,3000,5.3,64,20,4.7,36694,Android,0,705
Motorola,8,128,4000,5.1,48,20,4.5,32661,Android,1,605
Nokia,2,64,5000,5.1,48,13,4.0,51974,Android,0,605
Motorola,16,1024,3000,6.7,64,13,3.8,79428,Android,0,1110
Samsung,3,128,4500,6.4,50,20,4.6,70980,Android,1,755
Xiaomi,12,512,5500,6.8,12,16,4.9,1857,Android,1,895
Oppo,6,32,4000,4.8,12,8,4.6,18111,Android,1,565
Xiaomi,8,64,4000,6.5,48,13,4.8,49243,Android,1,655
Realme,12,512,5000,7.0,50,16,3.0,13496,Android,0,810
Asus,8,64,5000,5.4,200,16,3.5,40280,Android,1,725
Samsung,6,128,5000,5.4,48,13,3.2,60016,Android,1,735
Apple,6,128,4500,4.8,50,13,3.5,2828,iOS,1,995
Sony,12,512,6000,7.1,64,32,4.5,41036,Android,0,1070
Xiaomi,16,64,4000,5.7,64,13,4.1,8255,Android,0,725
Xiaomi,6,128,2500,7.2,48,13,4.9,4737,Android,1,695
Nokia,3,256,4500,5.4,48,8,3.2,17476,Android,1,635
Samsung,8,128,4000,5.2,108,16,3.9,32229,Android,1,785
Samsung,6,1024,5000,5.4,108,13,3.3,5749,Android,1,1135
Samsung,3,256,5000,5.4,12,13,3.9,6752,Android,0,615
Asus,12,128,4500,6.0,48,13,3.2,25088,Android,1,710
Samsung,4,128,5000,6.1,48,13,3.5,8085,Android,0,640
Xiaomi,8,256,4500,6.2,64,20,3.8,34139,Android,0,660
Nokia,3,128,4500,6.9,12,8,4.5,2224,Android,0,500
Xiaomi,16,32,4000,4.9,50,13,3.5,2048,Android,1,620
Samsung,8,32,5000,5.9,13,8,4.6,53323,Android,1,690
Xiaomi,4,128,4000,6.1,200,20,3.6,9796,Android,1,665
Samsung,6,256,4000,6.0,48,13,4.8,79035,Android,1,840
Vivo,6,512,5000,6.6,64,16,4.3,67551,Android,0,800
Xiaomi,8,256,4500,5.4,64,16,3.6,18306,Android,1,665
Xiaomi,16,256,5500,5.3,50,16,3.3,31112,Android,0,725
Huawei,12,256,4000,6.7,50,20,3.8,10543,Android,1,805
Motorola,6,128,4000,5.1,48,32,4.6,20348,Android,0,495
Oppo,8,128,5000,6.0,48,13,3.2,36480,Android,0,620
Xiaomi,8,128,5000,5.8,108,16,3.4,63084,Android,1,705
Motorola,8,256,3500,7.2,12,32,4.2,24364,Android,0,595
Nokia,4,256,5500,6.8,108,16,3.3,12631,Android,0,640
Huawei,4,512,4000,6.3,108,16,3.8,35475,Android,0,805
Vivo,8,32,3500,6.9,50,16,4.5,68984,Android,0,645
Oppo,6,1024,4500,5.6,12,16,3.6,21668,Android,0,885
Sony,6,64,3500,7.2,48,20,3.1,38201,Android,0,660
Apple,2,256,4000,7.0,12,16,4.4,42654,iOS,0,985
Apple,2,64,6000,6.1,64,16,4.7,31434,iOS,1,980
Samsung,2,128,5000,5.8,12,13,3.5,58189,Android,0,660
Xiaomi,12,128,4500,6.4,13,5,5.0,46140,Android,1,755
Oppo,6,128,4500,6.7,50,16,3.2,12393,Android,1,580
Samsung,8,512,4500,5.1,108,8,3.3,8094,Android,0,860
Apple,8,128,4500,7.1,50,8,4.5,8589,iOS,1,1085
Xiaomi,12,512,4000,5.8,50,16,3.8,61004,Android,1,880
Asus,8,256,6000,5.9,200,8,3.5,68489,Android,0,845
Sony,6,256,5500,6.5,108,16,4.3,2432,Android,0,745
Samsung,8,64,6000,5.5,64,13,3.5,23819,Android,1,760
Xiaomi,8,64,4500,5.5,12,8,4.4,25890,Android,1,590
OnePlus,8,256,4000,5.2,13,8,3.2,27192,Android,0,660
Vivo,6,512,4000,6.7,13,20,4.3,60769,Android,1,860
Realme,4,256,5500,6.4,50,8,4.0,70548,Android,0,680
Huawei,8,256,4500,6.3,50,16,4.1,53891,Android,1,815
Xiaomi,6,256,5000,5.0,13,20,3.1,22662,Android,1,695
Realme,6,128,2500,6.1,48,13,3.2,42708,Android,1,555
Vivo,8,128,5000,6.4,50,16,4.8,12307,Android,1,635
Samsung,8,256,5000,5.9,50,16,3.8,22308,Android,1,705
Vivo,6,32,4500,4.7,13,13,3.7,63161,Android,0,550
Samsung,6,256,4500,6.2,108,8,4.4,37221,Android,0,815
Apple,12,256,4000,5.6,48,8,4.2,60852,iOS,1,1200
Samsung,6,256,5500,6.5,50,13,4.6,26831,Android,1,785
Apple,8,256,4500,6.7,50,32,3.9,69442,iOS,1,1100
Sony,12,64,4000,7.0,48,13,3.2,42324,Android,1,770
Nokia,4,64,4000,4.9,108,13,4.0,4235,Android,0,510
Apple,6,128,3500,6.0,64,20,4.4,21790,iOS,0,955
Sony,8,64,4500,7.1,108,5,4.7,74969,Android,1,860
Samsung,6,128,4500,5.3,48,13,4.2,50578,Android,0,645
Samsung,16,128,4000,6.2,13,13,3.6,23663,Android,1,835
Xiaomi,8,128,4000,7.1,48,13,3.3,66650,Android,0,605
Samsung,6,256,4000,5.5,64,32,3.9,12000,Android,1,770
Xiaomi,4,256,5000,4.8,13,16,4.2,8619,Android,1,635
Oppo,4,128,5000,6.4,108,32,4.6,49183,Android,1,705
OnePlus,8,256,4000,5.6,48,16,4.1,45656,Android,0,690
OnePlus,8,512,3500,5.7,50,13,4.9,57944,Android,0,850
Asus,8,256,4500,6.8,200,16,5.0,15635,Android,1,835
Oppo,2,128,4000,5.4,12,5,4.9,19434,Android,1,535
Huawei,4,256,3500,5.9,48,13,3.7,60527,Android,1,760
Realme,12,256,4000,6.5,108,20,3.1,41703,Android,1,795
OnePlus,12,512,2500,6.5,12,13,5.0,16319,Android,0,885
Apple,8,1024,4500,4.8,12,13,3.1,73542,iOS,1,1410
Oppo,8,512,3000,5.6,64,13,3.8,74939,Android,1,895
Huawei,3,256,4500,6.0,64,16,3.4,3999,Android,1,705
Oppo,8,256,5000,5.2,12,8,4.5,57315,Android,1,730
Huawei,6,64,5500,6.5,12,16,4.2,6246,Android,1,615
Oppo,8,128,5000,6.6,50,5,4.9,19095,Android,0,600
Apple,8,128,4500,5.7,50,13,3.7,70487,iOS,1,1150
Samsung,12,512,4500,5.8,48,32,3.1,47977,Android,0,810
Apple,4,256,3500,4.7,50,13,4.2,65906,iOS,1,1040
Vivo,4,32,3000,5.2,50,13,4.2,53321,Android,1,530
Xiaomi,6,64,5000,4.7,50,5,4.1,36746,Android,1,605
Realme,4,128,6000,5.2,12,16,4.4,60258,Android,0,525
Xiaomi,12,64,4500,5.7,48,8,4.0,77075,Android,0,770
OnePlus,12,256,5000,6.6,12,13,3.7,10713,Android,1,805
Apple,12,128,4500,6.6,13,13,3.9,48482,iOS,0,1045
Sony,6,256,5000,6.4,48,16,4.8,44451,Android,1,870
Apple,4,32,5500,4.7,48,16,4.6,39622,iOS,1,990
Nokia,4,128,4000,4.8,12,13,3.2,28273,Android,1,545
Xiaomi,8,128,5000,7.1,108,5,3.4,2076,Android,1,625
Apple,4,256,4000,4.9,64,13,3.4,26373,iOS,1,1065
Sony,4,32,5000,5.6,12,5,3.8,3533,Android,1,655
Xiaomi,8,512,4500,7.1,50,13,4.6,16056,Android,0,880
Realme,16,256,4000,5.4,48,32,4.4,47652,Android,0,740
Samsung,8,128,5500,6.9,50,13,3.8,28863,Android,1,820
Sony,2,128,3500,6.8,48,16,4.0,45890,Android,1,710
Samsung,6,256,3500,5.6,200,13,4.1,21384,Android,1,785
Nokia,8,256,4500,7.0,200,20,4.6,18740,Android,1,760
Samsung,3,64,3500,6.4,50,5,3.6,28541,Android,0,615
Apple,8,256,4000,6.3,108,5,3.8,71922,iOS,1,1120
Xiaomi,4,512,4500,5.4,48,20,3.8,38344,Android,1,695
Realme,12,256,4500,5.7,50,13,4.4,67471,Android,0,665
Realme,16,128,5500,6.8,12,5,3.4,48523,Android,0,670
Apple,2,256,5000,6.2,12,8,3.5,36553,iOS,1,1015
Samsung,6,128,4500,6.8,48,5,4.6,73654,Android,1,735
Samsung,6,128,4000,5.8,12,13,4.7,70167,Android,1,775
Samsung,6,64,4000,5.3,64,16,4.8,324,Android,0,615
OnePlus,4,128,3500,6.6,48,8,4.1,62111,Android,1,700
Samsung,6,256,4500,6.2,108,16,3.6,54781,Android,1,810
Huawei,16,512,4000,7.0,48,8,4.7,15993,Android,0,920
Apple,12,128,4000,5.1,13,8,3.5,69944,iOS,1,1120
Samsung,4,512,4500,6.3,50,20,3.8,31013,Android,1,885
Xiaomi,4,64,4500,5.8,13,16,4.1,38279,Android,0,530
Realme,16,128,4500,6.5,13,13,4.5,9125,Android,1,750
Huawei,6,32,5000,5.6,13,13,4.4,12690,Android,0,485
Oppo,12,64,5000,5.2,108,13,4.3,17614,Android,1,670
Apple,8,128,5000,6.6,50,16,4.7,16859,iOS,1,1015
Xiaomi,12,64,5000,6.4,200,13,4.1,39254,Android,0,720
Sony,6,64,2500,4.9,48,20,3.3,20680,Android,0,560
Huawei,6,128,4000,6.4,12,13,3.6,45864,Android,0,670
Xiaomi,12,32,5000,5.3,64,8,4.0,37639,Android,0,640
Realme,4,64,6000,7.1,48,13,3.8,12607,Android,0,540
Xiaomi,4,256,4000,6.8,64,8,3.2,24834,Android,1,670
OnePlus,8,256,4500,6.6,48,16,3.4,31859,Android,1,795
Apple,4,128,5000,4.7,12,5,4.1,39143,iOS,0,910
Xiaomi,8,64,4000,6.1,50,16,3.6,21574,Android,1,645
Vivo,8,128,4000,5.8,50,20,4.2,42730,Android,1,725
Samsung,16,256,4000,6.2,64,13,3.8,55334,Android,1,830
Realme,4,128,3500,5.9,13,13,4.8,15740,Android,1,625
Vivo,8,256,4500,5.1,48,13,4.1,37845,Android,0,675
Asus,12,256,4000,5.3,48,32,4.5,41740,Android,0,750
Realme,6,64,4000,6.1,12,20,4.4,33858,Android,1,580
Vivo,4,512,3500,6.8,108,20,3.2,64802,Android,0,745
Oppo,8,128,5000,4.9,108,20,3.4,63895,Android,1,745
Vivo,4,128,4000,6.0,48,32,4.1,49547,Android,1,650
Sony,8,128,5000,6.6,108,13,3.6,69298,Android,1,865
Samsung,4,64,6000,5.9,13,13,4.5,67390,Android,0,665
Nokia,8,256,6000,6.7,50,13,4.9,53562,Android,0,690
Apple,2,256,5000,5.9,50,32,4.1,17515,iOS,0,970
Samsung,6,32,4500,6.1,50,8,3.1,10764,Android,1,620
Apple,6,128,5000,7.0,108,13,3.5,61822,iOS,1,1140
Oppo,6,64,6000,5.8,13,16,3.7,37514,Android,1,645
Oppo,8,64,4500,5.2,48,13,4.7,49468,Android,1,635
Oppo,4,64,4000,4.8,48,20,4.9,60439,Android,1,635
Vivo,3,128,2500,6.0,13,13,3.4,78637,Android,0,545
Samsung,2,64,4000,7.2,108,8,5.0,49366,Android,1,650
Asus,12,512,4500,6.0,108,20,3.0,79150,Android,1,880
Xiaomi,16,128,3500,5.3,50,16,4.0,14162,Android,0,620
Samsung,6,512,3000,7.0,200,20,3.5,3968,Android,1,920
Apple,6,64,4000,4.9,48,5,5.0,21326,iOS,1,1000
Realme,12,1024,4500,7.2,50,13,4.9,49202,Android,0,1110
Apple,3,512,4000,6.2,48,5,3.5,9830,iOS,0,1075
Oppo,6,64,5000,5.8,64,8,4.7,30305,Android,1,580
Sony,4,64,5000,7.1,48,32,4.9,79082,Android,1,875
Xiaomi,12,32,5000,6.3,48,13,3.8,32488,Android,0,675
Oppo,4,64,3500,6.3,13,13,3.8,50468,Android,1,645
Apple,3,256,5000,6.8,13,32,4.6,39741,iOS,1,1010
Realme,6,64,2500,7.1,64,5,4.3,67647,Android,1,655
Realme,6,256,5000,6.1,64,8,4.0,450,Android,0,620
Xiaomi,4,64,3500,5.1,108,20,3.7,26992,Android,0,470
Xiaomi,3,128,4000,5.0,13,16,4.2,9659,Android,1,550
Realme,4,256,2500,7.0,108,16,4.7,55075,Android,0,720
Realme,4,256,3000,4.9,13,16,3.1,11021,Android,1,540
Huawei,4,128,4500,6.4,64,13,3.4,69794,Android,0,600
Sony,6,1024,4500,5.7,48,13,3.8,71405,Android,0,1080
Apple,4,64,4000,4.9,13,8,3.6,39991,iOS,1,965
Xiaomi,4,128,4500,5.9,48,13,3.0,49138,Android,1,575
Xiaomi,8,128,4500,7.2,13,13,4.2,9589,Android,1,675
Oppo,8,128,3500,6.0,13,20,4.6,3044,Android,1,605
Apple,4,64,2500,6.7,50,20,4.7,49886,iOS,0,960
Vivo,12,128,4000,6.3,50,20,3.4,57497,Android,1,735
Oppo,8,64,4500,5.0,50,13,4.3,70394,Android,1,590
Samsung,6,128,5000,5.5,64,16,3.1,48204,Android,0,675
OnePlus,2,256,5000,5.0,13,20,3.4,5386,Android,1,645
OnePlus,8,256,4000,5.9,48,16,4.7,76955,Android,1,810
Samsung,8,64,5500,6.7,50,32,4.0,47626,Android,1,805
Vivo,8,128,5000,6.0,12,13,3.3,76858,Android,1,690
Vivo,6,1024,3000,5.3,108,8,3.2,78145,Android,0,930
Samsung,3,32,6000,4.7,64,16,3.1,5839,Android,1,590
Samsung,4,64,4500,5.4,64,13,4.6,32920,Android,0,650
Realme,6,128,5000,6.7,12,13,4.1,31124,Android,0,610
Apple,8,64,4000,5.0,48,13,3.2,79835,iOS,1,960
Samsung,6,128,5000,7.1,48,20,3.6,14210,Android,0,600
Samsung,6,128,3500,5.2,12,13,3.9,22517,Android,1,645
Oppo,12,128,5000,6.8,108,13,4.3,48922,Android,1,810
Asus,8,64,3500,6.7,48,13,3.6,28894,Android,1,680
Xiaomi,6,128,4000,7.0,48,16,4.9,12837,Android,1,620
OnePlus,6,128,3500,5.1,48,16,3.8,63748,Android,1,685
Huawei,3,256,4000,6.7,48,8,4.7,45268,Android,1,755
Oppo,6,64,4500,5.0,108,5,3.1,2198,Android,1,600
Samsung,4,512,4500,4.8,50,16,4.8,64719,Android,1,830
Samsung,8,512,5000,7.0,13,16,4.9,37487,Android,0,845
Realme,8,256,4000,6.6,13,5,3.4,34610,Android,0,605
OnePlus,8,256,6000,5.0,48,13,4.5,58979,Android,1,750
Xiaomi,8,128,4000,5.6,200,5,3.5,51703,Android,1,715
Oppo,4,128,4000,5.0,13,5,3.4,33716,Android,0,490
Xiaomi,8,128,5000,7.0,64,20,4.7,2372,Android,0,640
Xiaomi,6,128,5000,5.7,48,8,4.4,71425,Android,1,685
Huawei,4,256,5000,6.7,12,5,4.1,64419,Android,1,805
Xiaomi,8,512,4000,5.3,13,8,4.1,67837,Android,1,825
Realme,6,128,4000,5.3,48,8,4.5,22017,Android,1,570
Samsung,6,512,3000,5.7,50,13,3.6,32420,Android,1,845
Samsung,4,64,4000,4.9,13,8,3.2,77270,Android,0,605
Apple,3,128,4500,5.1,64,16,4.9,13986,iOS,1,970
Vivo,6,128,4000,5.1,13,8,3.7,24590,Android,1,575
Xiaomi,8,256,5000,6.5,50,16,4.4,96,Android,1,720
Realme,4,128,5000,4.7,64,13,4.3,77810,Android,0,640
Apple,6,128,5000,6.1,64,5,3.6,45895,iOS,0,995
Sony,3,128,5000,6.7,48,32,4.7,4499,Android,1,730
Vivo,12,256,3500,6.4,64,8,3.9,4472,Android,1,770
Nokia,3,128,4000,5.3,48,32,4.0,16923,Android,0,530
Samsung,4,512,4500,4.7,50,16,4.4,74690,Android,0,795
Apple,3,128,5000,6.8,13,16,3.8,46979,iOS,0,980
Xiaomi,12,128,5000,5.2,64,13,4.2,11687,Android,0,645
Oppo,4,128,3000,5.9,13,13,4.2,70203,Android,1,615
Vivo,6,256,5000,6.4,12,13,4.0,40267,Android,1,670
Samsung,6,256,3000,6.3,108,5,4.9,58234,Android,1,835
Huawei,8,64,3500,4.9,50,16,4.7,6248,Android,0,605
OnePlus,16,256,4500,5.0,50,8,3.7,29675,Android,1,825
Asus,12,128,4000,4.8,12,13,4.9,17181,Android,0,700
Apple,8,256,5000,5.4,108,13,3.0,20443,iOS,0,1105
Realme,6,64,4500,6.4,12,5,4.9,64499,Android,1,575
Realme,3,256,6000,7.2,50,32,3.7,71093,Android,0,650
Oppo,8,512,4000,4.9,12,13,3.1,48299,Android,0,700
Samsung,6,512,4500,7.1,13,16,3.9,65403,Android,1,890
Apple,12,128,4500,6.2,50,16,3.1,55080,iOS,1,1110
Asus,4,128,4500,6.1,64,5,3.2,12388,Android,1,725
Motorola,3,64,6000,5.5,50,13,4.2,42548,Android,1,550
Realme,12,1024,5500,5.8,13,13,3.6,36537,Android,0,1015
Realme,6,32,4500,6.0,48,20,3.3,75096,Android,0,525
Nokia,8,64,4500,6.3,50,16,4.8,1695,Android,0,535
Apple,6,64,4500,5.7,12,5,4.5,33999,iOS,1,1020
Samsung,2,512,5000,6.4,64,16,4.4,15298,Android,0,805
Samsung,4,128,6000,4.7,48,20,3.5,13050,Android,1,630
Xiaomi,3,256,4500,6.0,13,8,4.2,56147,Android,1,690
Sony,4,128,4000,5.7,64,13,3.1,25498,Android,1,675
Xiaomi,12,64,4500,5.8,108,32,4.3,12287,Android,1,705
OnePlus,8,128,5000,5.7,48,13,3.2,76023,Android,1,715
Huawei,6,128,4500,5.5,13,13,4.8,67511,Android,1,730
Apple,4,128,4500,7.1,50,32,4.3,29467,iOS,0,990
Xiaomi,4,256,4000,6.2,13,8,4.3,35352,Android,0,590
Samsung,6,512,3500,5.6,64,16,3.4,3670,Android,1,870
Realme,6,64,3000,5.0,13,13,4.4,19621,Android,0,545
Sony,8,64,4500,5.8,50,13,4.6,74540,Android,1,820
Apple,8,64,3000,6.6,13,5,4.0,64952,iOS,0,965
Realme,3,256,3500,5.7,108,16,4.9,26262,Android,1,755
Oppo,8,64,4500,6.5,13,13,3.1,40993,Android,0,580
Samsung,6,256,4500,5.7,48,32,5.0,15800,Android,0,695
Huawei,8,512,4500,5.1,64,13,3.7,62910,Android,0,745
Apple,4,64,4000,5.3,50,8,5.0,588,iOS,1,900
Apple,6,128,3000,5.6,108,16,4.3,35831,iOS,1,1065
Xiaomi,2,256,4000,6.7,64,8,3.0,69025,Android,1,600
Oppo,8,128,2500,6.1,50,32,4.5,76798,Android,1,575
Huawei,6,64,4500,5.5,50,8,3.3,22004,Android,1,560
Xiaomi,3,256,4500,5.0,64,5,4.2,20995,Android,1,675
Xiaomi,4,128,4000,5.8,12,20,4.2,41490,Android,1,610
Samsung,6,128,4000,5.6,13,13,4.0,3712,Android,1,625
Motorola,4,512,4500,7.0,12,5,4.8,1587,Android,1,780
Apple,4,128,5000,7.0,48,5,4.3,1539,iOS,1,1045
Xiaomi,16,256,4500,5.7,50,13,4.9,55327,Android,1,845
OnePlus,4,128,4000,6.8,48,16,3.5,68457,Android,1,750
Apple,12,128,6000,6.4,48,8,4.0,70223,iOS,1,1175
Samsung,6,128,4500,6.5,108,16,4.1,73223,Android,0,770
Oppo,4,256,3000,5.0,50,5,4.8,5432,Android,1,615
Oppo,3,512,5000,5.7,200,13,3.7,37866,Android,0,725
Samsung,12,128,4500,6.7,48,16,4.8,55332,Android,0,800
Nokia,8,128,5000,5.1,50,13,4.1,73981,Android,1,680
Samsung,3,256,5000,6.0,48,5,3.4,64373,Android,1,765
Motorola,4,64,4000,7.1,108,16,4.9,37560,Android,1,700
Motorola,4,128,5500,5.9,64,16,4.0,70161,Android,0,510
Motorola,12,128,4000,6.0,48,13,3.4,17312,Android,1,700
Huawei,8,128,5000,6.4,64,16,3.8,66120,Android,0,665
Realme,2,512,4500,5.9,64,20,3.8,62973,Android,1,790
OnePlus,2,256,4500,4.9,108,16,3.5,74810,Android,1,725
Apple,4,128,6000,6.8,64,13,3.7,43760,iOS,1,1060
Samsung,8,512,5000,5.8,12,32,4.3,44199,Android,0,850
Xiaomi,4,128,4000,5.9,13,13,4.8,43118,Android,1,660
Samsung,3,128,3000,6.2,48,5,3.5,72544,Android,1,735
Huawei,6,128,3500,5.1,48,16,4.5,65166,Android,1,720
Samsung,8,512,4500,7.0,48,8,5.0,51892,Android,0,955
Asus,6,256,5000,5.0,13,13,4.1,41882,Android,1,705
Xiaomi,3,32,3500,6.2,50,32,4.9,7646,Android,1,650
Asus,4,128,2500,5.6,12,5,4.6,39640,Android,0,535
Vivo,8,1024,5000,5.4,13,5,4.5,11404,Android,1,965
Sony,4,512,6000,5.3,200,13,4.5,62610,Android,1,1080
Oppo,3,128,4000,5.8,48,16,4.0,38685,Android,0,500
Vivo,6,128,4500,5.6,48,13,4.3,7620,Android,0,545
Nokia,8,128,4500,5.5,48,8,3.7,15535,Android,1,595
Apple,4,256,4500,7.2,64,13,3.8,79408,iOS,0,995
Samsung,4,128,5000,5.8,12,13,3.8,76991,Android,1,710
Motorola,6,1024,4000,5.0,108,16,4.1,11709,Android,1,1010
Oppo,6,256,4500,5.0,64,5,4.3,5991,Android,0,540
Samsung,6,64,5500,7.2,108,32,3.7,26526,Android,1,780
Apple,4,128,5000,5.0,50,16,3.3,1377,iOS,0,875
Apple,6,64,4500,5.6,13,5,4.3,68362,iOS,0,995
Samsung,8,128,3000,4.7,50,8,3.0,75677,Android,1,675
Motorola,2,512,5000,6.3,50,5,3.9,58231,Android,0,655
Samsung,8,64,4000,6.7,108,13,3.2,62916,Android,0,685
Oppo,12,128,4000,6.6,48,32,4.3,63001,Android,1,790
Samsung,12,128,3500,6.9,64,5,4.9,62915,Android,0,830
Realme,6,256,4500,7.1,50,20,3.6,30247,Android,1,715
Motorola,8,1024,3000,4.8,200,13,4.7,34124,Android,0,1015
Oppo,12,64,4500,4.8,108,32,3.7,74965,Android,0,690
Vivo,4,128,3500,4.9,12,13,4.3,54751,Android,0,510
Huawei,16,512,4000,7.1,13,16,4.0,4140,Android,1,900
Realme,12,1024,5500,5.6,50,16,4.4,61757,Android,0,1080
Samsung,4,512,3000,6.1,12,13,3.4,65176,Android,0,755
Samsung,6,256,4000,5.5,48,13,4.2,28337,Android,1,680
Sony,6,1024,3000,5.1,50,8,4.9,17110,Android,0,1055
Oppo,4,128,4000,5.9,50,32,4.9,56195,Android,0,625
OnePlus,16,256,5500,7.0,64,16,4.9,59200,Android,1,1015
Xiaomi,3,1024,4500,4.7,13,32,3.8,27525,Android,1,895
Xiaomi,4,128,4500,5.5,108,13,4.4,10850,Android,1,680
Samsung,16,64,5500,5.2,48,5,3.9,48820,Android,0,755
Huawei,2,256,5000,5.7,64,13,3.9,41792,Android,0,635
Huawei,4,128,4500,6.1,12,32,3.9,31254,Android,0,610
Samsung,12,256,5000,6.0,48,20,4.7,23039,Android,1,895
Xiaomi,16,64,4000,4.9,50,13,3.2,22276,Android,0,695
Vivo,4,32,5000,6.9,50,20,3.1,28578,Android,0,585
Motorola,2,256,4000,6.1,64,16,4.1,49311,Android,0,635
Apple,3,256,4000,6.4,48,16,4.7,18492,iOS,1,1000
Oppo,8,128,5000,4.9,13,16,4.6,100,Android,0,520
Xiaomi,8,256,2500,5.7,12,20,4.0,54435,Android,1,665
Samsung,6,64,5000,4.8,48,20,3.4,65878,Android,1,660
Xiaomi,16,64,3000,7.0,12,5,3.8,68745,Android,1,715
Samsung,4,128,4000,5.1,48,32,3.1,31531,Android,0,660
Nokia,12,512,5500,5.6,48,13,4.2,69398,Android,0,840
Huawei,4,256,4500,4.9,50,32,3.9,64478,Android,0,650
Xiaomi,4,64,5500,5.4,108,16,4.7,22011,Android,0,565
Xiaomi,4,256,5500,5.9,50,13,3.6,23947,Android,0,600
Oppo,4,256,4000,7.0,12,20,3.8,16201,Android,1,675
OnePlus,4,128,4000,6.4,50,16,3.8,68518,Android,0,630
Asus,8,64,4500,7.0,64,16,4.7,29945,Android,0,665
Samsung,4,64,4000,5.6,48,13,3.7,65533,Android,0,595
Nokia,4,1024,4500,7.2,64,8,4.0,5461,Android,0,935
Apple,6,256,5000,6.7,12,13,3.2,6282,iOS,0,955
Nokia,8,128,5000,5.9,64,20,4.4,61262,Android,1,645
Samsung,6,256,4500,5.2,48,8,3.5,6494,Android,1,735
Oppo,4,64,3500,4.7,48,16,4.1,38288,Android,1,560
Realme,8,128,4500,6.7,48,8,4.2,48037,Android,1,660
Realme,3,512,3500,4.9,48,8,3.7,11093,Android,0,605
Oppo,6,256,5000,4.9,48,5,4.5,20873,Android,1,745
Asus,3,128,4000,5.3,12,8,3.5,35464,Android,1,545
Vivo,8,512,5500,6.2,64,8,3.2,60065,Android,0,810
Huawei,6,128,4500,5.3,50,13,3.7,42992,Android,1,715
Apple,8,1024,5500,6.8,64,16,4.0,45262,iOS,1,1455
Samsung,3,128,4500,6.3,12,20,3.9,2072,Android,0,580
Realme,8,128,4500,6.4,64,13,3.4,31714,Android,0,585
Oppo,6,256,5500,5.6,12,16,3.2,79306,Android,0,560
Samsung,6,64,4000,5.2,50,16,3.3,32197,Android,0,540
Samsung,4,64,4000,6.2,200,16,3.4,25581,Android,0,685
Motorola,8,256,4500,6.4,50,16,4.0,55920,Android,1,765
Samsung,4,256,3000,5.2,50,20,3.2,57595,Android,0,685
Xiaomi,4,128,4000,5.3,48,32,3.3,1071,Android,1,560
Samsung,8,64,4500,4.9,12,13,3.3,76288,Android,0,670
Apple,6,128,4500,5.5,12,13,3.7,77660,iOS,0,970
Huawei,16,128,5000,4.9,50,13,4.7,32261,Android,1,875
Apple,6,512,5000,6.7,13,8,3.0,42837,iOS,1,1160
Apple,4,256,4000,7.0,13,13,4.0,58218,iOS,0,980
Xiaomi,4,128,4500,6.7,200,20,3.4,54755,Android,0,715
Realme,6,256,3500,6.5,48,32,4.5,68728,Android,1,835
Samsung,4,256,5500,5.2,108,20,4.2,8861,Android,0,770
Xiaomi,4,256,5000,6.2,50,32,3.4,69848,Android,1,660
Samsung,12,128,5000,6.6,13,16,4.9,78791,Android,0,745
Xiaomi,4,64,5000,6.1,50,20,3.9,4469,Android,0,505
Samsung,6,512,4000,5.9,12,16,4.2,26063,Android,0,820
Apple,12,128,4000,4.9,13,16,3.1,40987,iOS,0,1005
Samsung,8,256,5000,5.9,64,13,4.1,68276,Android,1,865
Sony,12,128,3000,7.2,48,16,4.8,64588,Android,1,855
Samsung,6,64,4000,6.3,12,16,4.3,15445,Android,1,645
Vivo,8,256,5000,4.7,200,16,3.4,63684,Android,1,780
Samsung,2,128,5000,6.9,108,20,3.8,51252,Android,1,725
Xiaomi,6,32,3500,5.7,50,16,3.9,79302,Android,0,595
OnePlus,4,128,3500,6.5,13,20,4.3,37055,Android,1,680
Apple,8,128,4000,4.7,64,16,3.9,42486,iOS,0,910
Huawei,4,256,3000,6.5,108,16,4.3,39595,Android,1,695
Xiaomi,4,64,4500,5.7,64,13,4.9,67419,Android,1,685
Samsung,8,256,4500,7.2,64,8,4.5,28768,Android,1,840
Apple,6,64,3500,6.3,13,8,4.2,36282,iOS,1,940
Xiaomi,4,1024,5000,5.7,50,32,3.1,71536,Android,1,970
Nokia,12,128,4500,6.3,64,8,4.5,63887,Android,1,815
Samsung,12,512,5000,5.0,12,16,5.0,31446,Android,1,900
Samsung,2,256,5000,6.7,12,8,3.0,40316,Android,1,690
Oppo,4,64,4000,5.4,50,13,3.4,76481,Android,1,580
Huawei,8,128,3500,6.6,50,8,4.8,1001,Android,1,675
OnePlus,2,128,4500,5.0,12,13,4.4,75914,Android,0,575
Vivo,4,128,5000,6.6,64,20,4.0,41657,Android,0,570
Samsung,8,128,4000,6.0,48,20,4.4,64451,Android,1,800
Vivo,6,64,5000,6.7,48,13,3.0,10206,Android,1,580
Huawei,2,64,2500,7.1,12,8,4.0,53068,Android,1,545
Oppo,6,128,4500,5.8,12,13,5.0,55137,Android,1,700
Vivo,8,256,5500,6.4,200,20,3.8,19950,Android,1,730
Nokia,12,64,3500,4.9,108,32,4.0,10500,Android,0,605
Samsung,16,128,5000,6.0,13,8,3.6,5268,Android,0,770
Samsung,4,512,4500,6.2,12,13,3.6,24226,Android,1,875
Huawei,2,32,5000,5.9,50,20,4.9,55660,Android,0,645
Apple,4,128,6000,5.2,48,13,4.9,47776,iOS,0,985
Oppo,8,256,5000,6.4,64,20,4.7,26178,Android,1,805
Xiaomi,4,128,4000,7.0,12,16,4.8,35883,Android,1,675
Xiaomi,8,128,2500,6.6,13,13,3.2,37481,Android,1,640
Realme,12,128,3000,6.6,48,16,4.8,16600,Android,0,655
Apple,8,512,4500,6.8,13,16,4.2,42787,iOS,1,1215
Oppo,3,64,3000,5.9,200,20,4.0,66356,Android,1,670
Huawei,8,32,5500,6.3,50,13,4.6,12422,Android,1,665
Asus,6,256,4500,6.4,108,13,3.3,50291,Android,0,690
Samsung,4,128,4500,6.6,50,5,4.4,22877,Android,1,650
Xiaomi,12,128,5500,6.9,48,5,3.1,21790,Android,0,680
Oppo,12,128,3500,6.9,50,13,3.5,66998,Android,1,740
Samsung,4,128,3500,6.7,13,16,3.4,37218,Android,0,580
Vivo,6,512,5000,5.7,50,20,3.7,61041,Android,1,790
Realme,4,256,4500,5.9,64,20,3.2,37739,Android,1,710
Nokia,6,64,4500,6.9,12,16,4.4,24977,Android,1,655
Nokia,4,64,4000,4.9,64,8,4.6,15351,Android,1,535
OnePlus,3,64,5000,6.7,200,5,4.6,42599,Android,1,705
Xiaomi,6,512,4000,6.1,12,13,3.4,41792,Android,1,765
Vivo,3,32,3500,6.0,108,16,4.6,17589,Android,1,635
Oppo,6,256,4500,5.8,50,8,4.5,28243,Android,1,655
Samsung,6,64,4500,6.1,13,8,3.1,79816,Android,1,685
Samsung,12,1024,6000,4.8,12,5,4.6,62113,Android,1,1200
Nokia,6,256,5000,5.9,64,20,4.8,10254,Android,1,775
Xiaomi,4,128,5000,6.6,200,20,3.9,45878,Android,1,640
Xiaomi,6,128,4000,4.9,13,16,3.4,21133,Android,0,480
Oppo,2,256,5500,6.7,50,5,5.0,31112,Android,0,630
Apple,12,256,4000,5.7,50,8,4.8,28826,iOS,0,1055
Realme,3,128,5000,5.8,108,32,4.3,1426,Android,0,615
Oppo,12,512,5000,5.5,12,13,5.0,22012,Android,1,765
Samsung,6,256,4000,6.9,50,16,3.2,56674,Android,0,705
Realme,6,512,4500,5.4,13,8,3.0,61108,Android,0,715
Oppo,8,128,5500,6.6,48,13,4.0,58648,Android,0,600
Oppo,8,256,4000,7.1,13,13,3.5,44667,Android,0,795
Asus,6,64,4500,5.2,64,13,3.9,40444,Android,1,605
Samsung,6,128,5500,6.4,48,16,4.0,72760,Android,1,715
Apple,8,512,4500,6.4,108,13,4.8,48275,iOS,1,1255
Realme,6,256,5500,4.9,50,20,3.1,43538,Android,0,600
Apple,8,64,4000,6.4,64,8,4.3,5159,iOS,0,925
Sony,6,32,5000,6.9,48,20,4.5,3626,Android,1,730
Huawei,6,128,4000,7.2,12,13,4.0,17535,Android,0,615
Apple,12,128,3000,5.0,64,13,3.6,39351,iOS,0,1010
Sony,6,512,4000,4.8,50,16,4.2,70690,Android,0,810
Realme,6,256,4500,5.1,48,32,4.6,70002,Android,1,725
Xiaomi,4,128,5000,6.0,108,13,3.9,50344,Android,0,595
Sony,6,32,4500,6.0,48,20,3.2,26482,Android,1,620
Apple,12,128,4000,6.7,12,32,4.9,75317,iOS,1,1150
OnePlus,2,128,5000,5.8,64,16,4.6,62420,Android,1,680
Vivo,6,128,3500,6.7,48,8,3.6,38433,Android,1,640
OnePlus,8,128,5000,6.1,48,20,4.6,64344,Android,0,710
Xiaomi,6,64,5500,5.1,50,8,4.4,35132,Android,1,565
Oppo,16,512,4000,4.8,12,32,3.0,54381,Android,1,945
Samsung,4,256,3500,7.0,50,13,3.4,78738,Android,1,780
OnePlus,8,256,2500,7.2,13,8,4.6,62727,Android,1,860
Samsung,8,128,5000,5.2,108,5,4.1,29485,Android,0,690
Xiaomi,6,128,5000,6.0,50,13,3.9,34769,Android,1,740
Xiaomi,3,128,5000,6.0,48,16,4.8,19747,Android,0,490
Motorola,8,128,4500,5.7,50,13,4.6,74444,Android,0,665
Samsung,4,256,4500,5.7,48,32,3.7,53991,Android,1,780
Motorola,8,512,4500,6.1,13,13,4.2,41586,Android,1,810
Samsung,3,512,5000,5.2,200,5,3.9,15057,Android,0,815
Realme,6,256,5000,4.9,64,13,4.9,33671,Android,0,610
Samsung,6,64,5000,5.3,108,16,4.5,11518,Android,1,715
Nokia,8,256,4500,6.7,12,16,4.1,14870,Android,0,600
Realme,3,256,5500,7.1,64,16,4.9,6953,Android,0,635
Sony,8,64,4000,5.8,64,16,5.0,13612,Android,1,790
Samsung,3,32,4000,5.3,12,20,3.5,20623,Android,0,565
Apple,4,128,3500,4.8,13,13,3.5,35104,iOS,0,880
Oppo,6,128,4500,7.1,200,13,4.7,74602,Android,1,770
Samsung,12,64,4500,5.6,48,8,3.5,23108,Android,1,740
Samsung,8,256,4500,6.9,64,16,3.2,34643,Android,1,830
Huawei,8,128,4500,5.5,13,13,3.8,2710,Android,0,610
Realme,8,512,4000,6.2,12,32,3.6,38181,Android,1,765
Apple,3,256,3500,5.1,64,20,4.5,45398,iOS,1,1105
Xiaomi,4,32,3000,7.1,108,32,3.5,56196,Android,0,590
OnePlus,8,512,3000,6.0,50,13,3.8,20018,Android,1,830
Vivo,8,128,4500,5.3,48,13,3.7,2555,Android,0,615
Xiaomi,6,256,5000,6.3,12,20,3.8,53327,Android,1,725
OnePlus,8,128,5000,5.5,108,16,3.7,52977,Android,1,795
Samsung,3,64,5000,6.2,50,5,4.5,37214,Android,0,605
Xiaomi,4,128,4000,4.8,50,16,4.0,22153,Android,0,555
Xiaomi,8,64,4500,5.5,48,5,4.0,58753,Android,0,635
Huawei,6,128,4000,6.0,13,20,3.7,58815,Android,0,620
Oppo,6,256,3500,5.4,64,5,4.9,38172,Android,1,745
Motorola,6,256,3500,5.3,48,20,4.3,26358,Android,0,645
Samsung,8,1024,5000,5.5,50,13,3.2,63848,Android,1,1060
Asus,3,256,4000,6.3,50,16,3.4,29433,Android,1,680
Asus,6,64,4500,6.6,50,13,4.1,76445,Android,1,695
Huawei,12,256,4500,4.9,50,16,4.4,7396,Android,1,750
Nokia,2,128,4000,5.6,48,13,4.4,11142,Android,1,530
Nokia,2,256,3500,4.7,108,13,4.3,53934,Android,1,620
Samsung,16,256,4000,5.6,48,20,3.5,51971,Android,1,905
Motorola,6,256,4000,5.9,50,8,4.7,69196,Android,0,625
Realme,6,32,5000,6.7,50,13,4.0,65318,Android,0,570
Vivo,6,64,5000,5.7,108,8,3.7,66473,Android,1,710
Asus,12,64,4000,6.2,64,16,4.8,61759,Android,1,710
Apple,6,64,4500,5.8,48,13,3.4,5514,iOS,1,955
Asus,4,32,5000,6.4,64,5,3.2,21911,Android,0,515
Asus,8,64,3000,5.7,50,16,4.4,70903,Android,0,580
Motorola,6,128,5000,5.4,13,20,4.4,5226,Android,0,545
Apple,16,256,6000,6.3,13,13,4.4,36973,iOS,0,1180
Samsung,6,256,4500,5.8,64,16,3.4,77937,Android,0,765
Xiaomi,8,32,4500,7.1,12,13,4.1,44125,Android,0,615
Motorola,4,128,5000,6.6,108,8,3.8,15204,Android,0,630
OnePlus,6,512,3500,5.9,48,16,3.5,9559,Android,1,820
Apple,6,128,4000,5.8,200,16,3.6,33833,iOS,1,1155
Xiaomi,6,128,3000,5.1,108,8,4.4,17096,Android,0,550
Oppo,6,256,5000,6.3,64,16,3.8,8915,Android,0,645
Xiaomi,8,128,6000,6.3,48,16,3.9,12151,Android,0,645
Motorola,12,32,4000,5.0,12,20,4.8,52199,Android,0,545
Xiaomi,6,128,2500,6.3,48,20,3.5,6064,Android,1,575
Apple,4,256,3500,6.1,50,16,4.8,46507,iOS,1,1050
Xiaomi,2,128,5500,7.2,108,16,3.5,39489,Android,0,565
Vivo,16,128,5500,4.8,50,32,4.8,46539,Android,1,810
Oppo,4,32,5000,5.4,12,13,3.8,49756,Android,1,625
Nokia,6,128,4000,4.9,64,8,3.9,29620,Android,0,500
Apple,6,128,4000,7.1,48,8,4.0,18724,iOS,1,1070
Sony,4,64,5000,4.9,50,16,3.5,42961,Android,1,675
OnePlus,8,256,4500,4.9,48,16,4.3,6653,Android,0,615
Apple,4,128,4500,7.1,50,32,4.0,77096,iOS,0,970
Realme,4,64,3500,4.8,12,32,3.8,17579,Android,0,455
Asus,12,256,5000,4.8,48,16,3.8,8598,Android,1,770
Motorola,4,256,5500,4.9,12,13,3.4,69590,Android,1,695
Realme,8,128,4500,7.2,64,8,3.4,36457,Android,0,575
Samsung,6,64,4000,5.1,50,13,3.9,20457,Android,1,735
Apple,3,128,4500,5.7,48,13,3.8,12425,iOS,0,945
Xiaomi,6,64,4500,6.2,50,13,4.0,78376,Android,1,695
Vivo,16,64,4500,7.1,50,20,4.2,15701,Android,1,685
Oppo,4,64,4000,6.2,48,16,4.1,59460,Android,0,630
Xiaomi,6,256,3000,5.5,48,8,4.0,68599,Android,1,700
Apple,12,128,5500,5.2,108,16,3.3,16238,iOS,1,1150
Samsung,4,64,4500,6.8,48,16,4.3,35715,Android,1,725
Realme,12,64,4000,6.6,200,8,3.7,56196,Android,1,800
Apple,12,256,4500,5.5,200,16,3.1,45708,iOS,1,1180
Samsung,8,256,4000,6.1,12,13,3.2,67218,Android,0,760
Apple,6,128,4500,6.2,48,13,4.1,10588,iOS,1,1065
Samsung,4,256,5500,5.9,13,13,3.7,38613,Android,1,790
OnePlus,4,256,3000,6.7,48,13,4.1,65270,Android,1,665
Apple,6,256,4000,5.2,13,16,4.0,44212,iOS,0,910
Samsung,6,256,3500,6.3,13,13,3.5,27238,Android,0,605
Apple,8,256,4000,5.1,13,13,3.1,51954,iOS,1,1090
Motorola,6,256,5500,5.5,108,13,3.9,17580,Android,1,695
Vivo,8,32,4000,6.6,48,8,3.3,8863,Android,1,565
Huawei,6,128,4000,7.1,50,16,3.2,51059,Android,1,745
Motorola,12,256,4000,7.0,64,5,4.1,57172,Android,1,880
Nokia,4,64,3500,6.8,12,16,4.4,54943,Android,0,580
OnePlus,6,128,3500,6.2,48,8,4.2,3543,Android,0,555
Xiaomi,8,512,5000,5.5,50,8,3.9,26779,Android,1,785
Oppo,12,128,4500,5.6,50,13,4.3,1107,Android,1,700
Apple,3,1024,5000,7.2,50,32,5.0,35330,iOS,0,1395
Apple,8,512,4000,6.7,48,13,3.8,40566,iOS,0,1095
Oppo,16,32,2500,4.9,13,13,3.0,21487,Android,1,655
Samsung,8,128,5000,5.8,13,32,4.8,75167,Android,0,840
Huawei,6,128,4000,6.8,108,5,4.2,46923,Android,1,835
Oppo,2,256,4500,5.1,12,16,3.2,9449,Android,1,600
Nokia,6,64,3500,6.4,12,13,3.2,38022,Android,1,545
Samsung,12,128,4000,6.5,50,32,4.8,75081,Android,0,745
Samsung,4,128,3000,6.3,13,8,4.0,26261,Android,0,615
Xiaomi,16,256,4500,5.5,50,16,4.0,65052,Android,1,805
Vivo,6,512,4000,5.7,64,13,4.4,3516,Android,0,665
Vivo,6,128,5000,6.0,48,16,4.9,79851,Android,0,700
Motorola,4,64,4500,5.6,13,8,3.6,65707,Android,0,540
Huawei,3,128,4500,5.7,12,20,3.1,36460,Android,0,495
Realme,8,256,4000,5.3,64,32,3.2,27037,Android,1,715
Oppo,3,128,4500,5.6,13,20,4.2,12240,Android,1,550
Xiaomi,8,128,5000,5.1,48,13,4.3,61733,Android,0,695
Oppo,3,512,4500,6.7,50,8,3.6,23997,Android,0,680
Huawei,12,128,5000,4.8,64,20,3.0,39870,Android,1,725
Apple,8,1024,4000,5.2,48,20,3.2,5517,iOS,1,1295
Nokia,6,256,4500,5.7,12,13,3.3,30357,Android,1,600
Xiaomi,8,512,6000,5.1,108,13,3.9,59113,Android,0,805
Apple,6,128,2500,6.2,50,16,3.3,62943,iOS,1,945
Huawei,6,512,5500,6.3,48,20,4.5,21193,Android,1,870
Realme,3,256,5000,5.2,13,20,4.4,9246,Android,1,665
Realme,2,512,3500,5.1,64,16,3.3,56804,Android,0,665
Huawei,4,256,4500,6.3,50,16,4.2,46741,Android,0,625
Xiaomi,12,128,4500,5.5,48,13,3.2,33392,Android,0,620
Oppo,3,32,4000,5.2,64,20,4.0,21245,Android,1,485
Oppo,8,128,4500,6.2,48,13,3.2,60696,Android,1,695
Xiaomi,8,128,3000,6.4,50,32,4.8,52238,Android,1,695
Samsung,4,256,5500,5.8,13,16,3.4,78811,Android,0,660
Samsung,6,128,5000,6.4,13,13,4.7,11349,Android,1,755
Apple,8,64,4000,5.9,64,13,5.0,63234,iOS,0,1105
Asus,16,64,4500,5.2,13,8,4.8,76780,Android,1,820
Samsung,6,256,5000,5.7,50,5,3.7,58750,Android,0,750
Vivo,12,64,4500,5.0,48,16,4.1,69134,Android,0,635
Oppo,4,64,3500,5.3,64,5,4.2,64052,Android,0,575
Samsung,4,128,3000,5.1,64,32,3.4,67891,Android,1,725
Vivo,12,256,5500,6.3,64,16,4.3,41561,Android,0,770
Samsung,4,512,3000,5.3,50,13,4.8,46134,Android,0,690
Vivo,6,256,5000,6.9,64,13,3.6,29228,Android,0,645
Realme,8,256,5000,7.2,108,13,4.5,69169,Android,1,870
Motorola,12,32,5000,5.8,48,16,3.0,31623,Android,1,675
Vivo,6,256,4500,7.2,12,13,3.6,594,Android,1,695
Nokia,4,128,4500,6.1,50,13,4.8,15144,Android,0,530
Samsung,8,256,4000,6.7,13,5,4.4,12257,Android,1,750
Nokia,8,128,4000,6.1,108,20,3.9,71308,Android,1,630
Samsung,6,64,4000,6.7,13,8,3.4,45793,Android,1,740
Apple,8,256,3500,6.9,48,20,3.5,25339,iOS,0,1010
Huawei,6,512,5000,5.1,48,13,3.8,79293,Android,0,835
Vivo,12,128,5500,7.0,48,13,3.2,8649,Android,1,710
Oppo,8,64,5000,5.6,64,8,4.9,30368,Android,0,600
Huawei,4,256,5000,7.2,13,5,3.3,37173,Android,0,685
Apple,6,32,4500,6.8,200,16,4.7,1337,iOS,1,1050
Motorola,4,32,5500,4.9,13,16,3.4,25864,Android,0,490
Apple,16,128,5000,6.1,12,8,4.7,71918,iOS,1,1155
Apple,8,64,3000,6.2,200,16,5.0,38254,iOS,1,1100
Xiaomi,6,64,4000,5.7,48,16,5.0,78721,Android,0,585
Realme,3,128,3500,5.1,48,8,3.4,30928,Android,1,545
Xiaomi,8,128,4500,6.1,12,13,3.5,6424,Android,1,635
Realme,8,128,4000,6.7,13,8,3.5,23663,Android,0,645
Nokia,4,128,5000,5.1,200,13,4.9,62215,Android,1,700
Asus,12,256,4000,5.5,64,16,4.4,18247,Android,1,820
Nokia,8,256,4000,6.2,48,13,3.9,18154,Android,0,605
Huawei,12,32,5000,5.7,12,13,3.6,65530,Android,1,685
Xiaomi,6,128,5000,6.8,12,16,3.3,21010,Android,0,535
Apple,8,128,3000,5.4,48,20,3.9,49056,iOS,1,995
Nokia,8,32,4000,5.0,12,32,4.7,32755,Android,1,615
Asus,4,256,5000,6.1,64,16,3.1,69397,Android,1,745
Apple,4,256,4500,4.7,64,5,3.4,41420,iOS,0,865
Motorola,6,128,4500,7.2,108,8,4.7,25196,Android,0,585
Vivo,8,128,4500,6.4,50,20,4.5,43993,Android,1,735
Oppo,16,256,4500,6.8,48,8,3.9,76462,Android,0,820
Xiaomi,8,128,4000,6.1,48,32,3.9,77312,Android,0,650
Asus,12,128,6000,6.3,48,16,4.8,35930,Android,0,765
Apple,6,64,5000,4.8,48,20,3.8,61749,iOS,1,1035
Samsung,6,128,4000,6.7,108,32,3.8,71416,Android,0,755
Vivo,12,128,5000,5.2,50,20,3.4,64158,Android,0,625
Vivo,4,512,4500,7.1,108,16,4.5,14757,Android,0,770
Oppo,6,128,5500,7.1,200,16,3.1,37408,Android,0,605
Realme,12,256,4000,5.0,48,16,3.5,48792,Android,1,730
Samsung,12,128,3500,6.8,48,13,3.7,59734,Android,0,775
Motorola,6,128,5000,5.5,48,16,4.1,28346,Android,0,560
Oppo,6,256,4500,4.7,64,8,4.1,6256,Android,0,595
Samsung,2,256,4500,6.4,13,8,3.6,68377,Android,0,560
Asus,8,256,4000,6.5,64,5,4.6,27107,Android,0,690
Samsung,12,64,5000,5.5,64,5,5.0,22270,Android,1,890
OnePlus,8,256,5000,6.6,13,16,3.3,36086,Android,0,670
Xiaomi,8,64,4000,6.8,50,16,4.2,77905,Android,0,640
Apple,8,32,4000,7.1,50,20,3.2,41515,iOS,1,1015
Oppo,4,128,5000,6.1,12,5,3.5,43459,Android,1,640
Xiaomi,12,64,3500,5.4,48,13,4.0,18032,Android,1,640
Samsung,8,256,3500,7.0,50,8,3.1,66826,Android,0,810
Xiaomi,4,256,4000,5.8,13,5,4.3,10559,Android,1,680
Realme,8,256,4000,6.5,64,13,4.1,48238,Android,0,660
Motorola,8,128,4000,6.4,50,13,4.7,40521,Android,0,675
Realme,6,256,3500,7.1,48,16,3.5,41968,Android,0,545
Huawei,12,256,4000,5.6,48,20,3.2,33402,Android,1,825
OnePlus,12,256,4500,5.4,50,8,4.5,9020,Android,1,785
Samsung,12,128,4500,7.1,13,16,5.0,18926,Android,1,830
Sony,6,256,3500,4.7,64,13,4.5,36439,Android,0,685
Huawei,4,128,4500,5.1,64,16,4.2,9720,Android,1,675
Apple,12,128,4000,7.1,50,5,3.1,31375,iOS,0,965
Huawei,6,128,4000,6.0,50,5,4.0,70887,Android,1,710
Apple,8,32,5000,6.5,48,13,4.9,23304,iOS,0,980
Samsung,16,256,4500,6.0,50,32,3.4,55652,Android,1,880
Samsung,4,128,3500,5.7,12,16,4.1,54022,Android,1,655
Samsung,6,128,4000,5.0,200,32,4.0,6976,Android,0,690
Xiaomi,12,128,4000,6.0,48,32,3.9,8314,Android,1,665
Vivo,8,256,5000,5.6,108,13,3.3,13498,Android,0,580
Oppo,6,128,3500,5.4,64,20,3.8,50019,Android,0,545
Oppo,12,256,4000,7.1,108,5,3.1,42381,Android,1,785
Xiaomi,4,256,4500,4.9,13,8,3.0,66335,Android,0,560
Oppo,6,512,4000,5.3,50,13,3.2,40597,Android,1,770
Xiaomi,8,256,3000,6.0,48,32,3.7,25793,Android,0,640
Xiaomi,6,128,4500,5.6,108,8,3.3,44847,Android,1,665
Xiaomi,4,256,2500,5.3,12,8,3.3,59193,Android,1,515
Sony,4,64,3500,5.4,64,8,4.0,65908,Android,0,605
Huawei,12,128,4500,6.4,50,13,3.8,53378,Android,0,715
Samsung,4,256,4000,5.1,13,13,3.6,28331,Android,0,640
Oppo,8,128,5000,6.1,13,13,4.1,44120,Android,1,630
Motorola,6,64,5000,7.2,48,13,4.4,77172,Android,1,710
Oppo,4,256,4500,5.1,13,16,3.8,43736,Android,1,670
Apple,12,64,5000,5.9,12,8,4.5,37042,iOS,0,945
Vivo,16,128,5000,5.9,108,20,4.8,17236,Android,0,795
Apple,8,64,5000,4.8,64,32,4.3,7962,iOS,1,1035
Huawei,12,128,3000,5.7,48,13,4.8,75769,Android,0,740
Huawei,4,256,4500,7.2,13,16,3.2,28712,Android,1,675
Vivo,6,256,6000,5.6,13,32,3.5,73777,Android,0,620
OnePlus,16,128,4000,6.9,48,16,3.4,19915,Android,0,735
Samsung,3,256,5000,4.7,48,5,4.8,74887,Android,1,795
Apple,8,128,4000,6.3,108,16,4.7,2250,iOS,0,1030
Apple,3,128,4000,6.2,48,16,4.6,25539,iOS,1,1025
Samsung,6,128,4000,5.8,12,13,4.8,17480,Android,1,720
Huawei,16,256,4500,6.5,50,8,4.0,30937,Android,1,730
Vivo,4,128,5000,5.3,13,8,4.5,18726,Android,1,635
Samsung,8,32,4000,6.3,12,13,3.1,55854,Android,1,630
Apple,4,128,4500,6.3,48,8,4.9,10080,iOS,1,1025
Vivo,8,256,4000,4.9,50,16,4.0,10773,Android,0,555
Realme,4,128,3000,6.1,64,16,3.6,33871,Android,1,620
Realme,6,64,4500,5.1,64,32,3.2,37997,Android,1,610
Motorola,12,128,4000,5.7,12,5,3.4,57358,Android,0,660
Samsung,2,256,5500,5.5,13,16,3.4,24472,Android,1,695
Xiaomi,16,128,4000,4.9,13,5,4.2,38628,Android,1,725
Samsung,3,32,4500,5.6,13,16,4.6,61265,Android,1,700
Huawei,12,128,5000,7.1,108,5,4.3,8609,Android,1,740
Samsung,4,128,5500,5.7,50,13,4.8,15385,Android,1,690
Samsung,4,128,4000,5.0,13,16,4.7,60244,Android,1,730
Xiaomi,8,128,4500,5.4,48,20,3.7,78975,Android,1,645
Samsung,6,256,4000,5.0,48,16,4.0,43549,Android,0,710
Oppo,8,128,4000,6.7,50,13,3.1,75704,Android,0,590
Asus,8,256,3000,7.1,48,13,3.0,1482,Android,1,660
Motorola,8,1024,5000,5.4,12,16,4.4,40898,Android,0,940
Samsung,6,256,4500,4.9,64,5,4.8,4405,Android,1,730
Xiaomi,4,128,4000,6.7,108,16,3.9,18195,Android,0,550
Xiaomi,6,64,5000,6.9,108,32,4.5,27031,Android,1,650
Samsung,4,256,4500,6.6,48,32,3.2,43103,Android,1,800
Nokia,3,128,4000,5.0,50,13,3.0,42366,Android,1,595
Realme,4,256,5000,5.8,200,16,4.3,72495,Android,0,670
Motorola,16,128,3000,5.7,64,13,4.6,61203,Android,1,725
Huawei,8,128,5000,7.0,12,8,3.9,1925,Android,0,640
Xiaomi,8,512,4500,6.9,64,13,3.0,76873,Android,1,935
Apple,6,128,4000,5.7,64,16,3.6,44959,iOS,0,955
Oppo,6,128,4500,5.1,50,16,4.6,60733,Android,1,675
Vivo,8,64,5500,5.0,12,20,3.1,21776,Android,0,545
Xiaomi,4,256,5000,5.0,64,8,4.6,8825,Android,1,670
Apple,12,64,4500,6.0,108,20,3.1,57751,iOS,1,1130
Nokia,6,1024,4000,6.8,64,13,4.5,73662,Android,1,1045
Vivo,2,256,5000,6.3,108,13,4.0,45134,Android,0,645
Vivo,4,128,5000,6.2,48,13,4.2,6885,Android,1,605
Oppo,6,512,3000,6.8,13,20,4.0,41955,Android,0,735
Huawei,8,512,5500,6.3,13,13,4.4,13174,Android,0,785
Realme,4,64,3500,6.0,48,13,3.8,62460,Android,1,590
Oppo,16,128,2500,6.7,48,32,4.6,20805,Android,0,650
Oppo,2,1024,4000,5.6,50,13,4.8,78236,Android,0,1035
Asus,4,128,4000,5.1,13,16,4.1,69104,Android,1,635
Xiaomi,4,128,5000,4.9,48,32,3.2,39540,Android,1,570
Oppo,2,128,4000,7.0,48,5,4.2,43801,Android,0,555
Realme,4,256,3000,6.4,13,20,4.2,14386,Android,1,625
Asus,6,64,4500,5.9,13,20,4.1,65438,Android,1,560
Oppo,4,64,5000,5.4,50,8,3.1,77753,Android,1,620
Realme,6,512,4500,5.6,50,16,4.7,43951,Android,1,760
Samsung,6,256,4500,5.5,13,8,4.2,22161,Android,0,720
Huawei,6,128,4000,5.9,108,16,3.0,50443,Android,1,675
Xiaomi,16,256,5500,6.0,12,20,3.5,43873,Android,1,790
Vivo,3,64,4000,4.9,64,13,4.4,17774,Android,0,500
Xiaomi,6,128,3000,4.9,12,5,3.6,22963,Android,0,465
Realme,4,256,4500,6.3,12,16,4.5,64938,Android,0,640
Samsung,4,128,5000,6.5,13,5,3.6,44624,Android,0,575
Samsung,6,512,3000,5.2,200,20,4.2,15648,Android,1,895
Oppo,3,1024,4500,5.5,48,13,3.3,74889,Android,1,980
OnePlus,6,128,5500,6.5,50,16,4.3,5865,Android,0,635
Vivo,16,256,2500,4.9,48,20,3.8,53017,Android,1,785
Oppo,6,128,5000,6.2,108,16,4.3,31336,Android,1,620
Xiaomi,4,64,5000,4.8,50,32,4.0,15630,Android,1,500
Samsung,6,256,4500,6.2,12,32,4.4,54677,Android,0,740
Huawei,12,128,4500,7.0,13,16,4.9,54906,Android,0,760
Samsung,8,256,5000,5.5,48,8,3.8,32502,Android,0,735
Motorola,6,128,4500,5.0,50,5,4.7,75502,Android,0,665
Apple,3,256,4000,5.9,108,16,3.7,62120,iOS,1,1115
Nokia,6,256,4500,4.7,13,13,3.4,57965,Android,0,610
Oppo,4,64,5500,6.4,13,13,4.6,5696,Android,0,535
Samsung,12,128,4500,6.6,200,8,3.5,22843,Android,0,830
Vivo,12,32,5000,6.9,108,13,4.1,50493,Android,0,700
Samsung,4,32,4500,5.3,64,8,4.3,65196,Android,0,640
Samsung,16,256,5500,4.8,48,8,4.7,52930,Android,0,865
Realme,4,1024,5500,4.8,48,32,3.0,19864,Android,0,815
Samsung,8,128,4000,6.6,64,20,3.3,10489,Android,0,705
Nokia,4,32,4000,5.6,13,13,3.8,534,Android,1,535
Samsung,6,256,5000,5.4,200,5,3.9,78746,Android,0,815
Realme,4,64,5000,5.6,50,13,3.2,64791,Android,0,605
Xiaomi,8,256,5500,6.0,50,8,4.5,29807,Android,1,715
Nokia,2,128,4500,6.8,48,16,4.2,65774,Android,1,610
Oppo,8,256,5000,5.3,64,20,3.8,73565,Android,0,670
Apple,4,128,3500,4.9,48,16,3.9,57369,iOS,1,980
Nokia,8,64,3000,7.0,64,16,3.0,17621,Android,1,560
Apple,8,256,4000,5.6,64,16,3.8,58486,iOS,1,1130
Samsung,8,128,4500,5.4,64,32,3.7,29816,Android,0,685
Nokia,6,256,4000,5.1,12,5,4.4,59562,Android,1,610
OnePlus,2,256,4500,6.3,50,8,4.4,18634,Android,1,785
Realme,6,128,3500,5.8,50,13,4.2,61330,Android,0,595
Huawei,4,256,4000,6.8,50,20,4.5,57653,Android,0,730
Realme,12,64,3000,4.9,64,8,3.9,9027,Android,1,670
Nokia,12,512,5500,7.1,13,16,4.1,38612,Android,0,730
Samsung,8,64,4000,5.6,48,20,3.4,50754,Android,0,655
Realme,8,256,4500,6.7,48,13,4.8,68369,Android,1,700
Realme,4,128,4500,6.1,48,8,3.7,13566,Android,0,510
Realme,4,128,4000,5.1,64,20,3.4,78697,Android,1,645
Apple,4,64,3000,6.3,12,16,4.2,16055,iOS,0,965
Xiaomi,2,256,5000,5.8,13,8,4.9,37253,Android,1,575
Realme,8,256,2500,5.1,13,32,4.0,9115,Android,1,575
Realme,4,128,4000,6.1,108,13,4.5,6321,Android,0,505
Oppo,6,128,5000,5.9,48,8,3.3,9472,Android,0,630
Samsung,4,128,4500,6.3,48,5,3.7,15787,Android,1,705
Asus,16,256,4000,7.0,50,16,4.3,65150,Android,0,850
Apple,6,512,4500,5.0,64,32,4.0,68852,iOS,1,1195
OnePlus,6,64,4500,5.4,108,13,4.1,37187,Android,1,770
OnePlus,6,64,4500,4.9,108,13,3.6,21125,Android,0,580
Xiaomi,6,256,4000,5.4,12,5,4.1,71522,Android,1,670
Realme,8,64,4500,6.6,108,8,4.7,66684,Android,0,640
Apple,12,256,4500,6.7,108,13,3.5,23869,iOS,0,1055
Vivo,2,128,4500,5.8,108,20,4.1,45466,Android,1,675
Huawei,12,256,4500,5.5,50,8,4.8,7635,Android,1,770
Vivo,16,256,3500,5.8,48,16,4.7,32202,Android,0,815
Motorola,6,128,5000,5.8,108,8,4.1,60891,Android,0,595
Samsung,4,64,4500,5.9,50,13,3.6,2994,Android,0,605
Motorola,8,128,4000,5.5,200,16,4.9,37360,Android,0,690
Realme,6,256,5000,6.6,50,16,4.6,28974,Android,1,750
Motorola,6,256,5000,7.0,50,32,3.6,48276,Android,1,825
Samsung,6,32,4500,5.8,48,13,4.8,71426,Android,1,715
Oppo,12,64,2500,7.0,12,32,3.3,59050,Android,1,670
Samsung,3,512,4000,6.4,48,8,4.1,75237,Android,0,735
Apple,4,128,5000,7.2,48,32,4.8,59628,iOS,0,1035
Motorola,6,128,5000,7.0,48,20,5.0,41844,Android,1,660
Oppo,6,512,6000,5.2,12,13,4.4,50868,Android,0,670
Samsung,4,256,3500,5.6,64,20,4.1,14045,Android,1,785
Xiaomi,16,64,5000,5.7,13,16,4.4,14985,Android,0,555
Apple,8,64,6000,5.0,48,20,4.9,36523,iOS,0,1010
Vivo,12,64,4500,5.8,12,8,4.2,69521,Android,1,685
Oppo,6,256,4500,6.8,48,32,4.4,44820,Android,0,705
Xiaomi,4,256,3500,6.0,50,13,4.9,15869,Android,1,600
Apple,8,64,4500,4.9,108,13,3.6,48678,iOS,1,1060
Xiaomi,8,256,3000,7.1,48,8,4.3,74882,Android,1,785
Samsung,8,1024,4000,6.6,64,13,4.7,35013,Android,1,1130
Samsung,8,128,5000,6.5,13,13,3.5,9623,Android,0,675
Oppo,2,512,5000,5.3,64,8,3.3,7856,Android,1,705
Huawei,12,128,4500,5.1,48,13,4.5,61649,Android,0,650
Samsung,2,128,4000,6.8,50,32,4.9,78027,Android,0,675
Samsung,4,64,4500,7.2,48,8,3.9,62817,Android,1,795
OnePlus,4,128,4000,5.8,64,8,3.0,9614,Android,1,530
Realme,8,32,5500,5.1,48,8,4.4,79392,Android,1,660
Nokia,4,128,4500,5.8,50,20,4.8,63230,Android,1,645
OnePlus,6,128,4000,6.8,50,20,3.2,62451,Android,1,635
Samsung,8,128,5500,6.5,50,13,4.7,58659,Android,1,855
Apple,12,256,6000,5.4,50,20,4.0,70286,iOS,1,1150
Apple,3,256,5000,5.9,50,32,4.9,75380,iOS,0,1000
Samsung,8,128,5000,6.8,12,16,4.4,22348,Android,1,725
Huawei,4,128,3000,6.9,13,5,4.1,8702,Android,1,575
Nokia,8,128,6000,5.6,108,20,3.1,37294,Android,1,700
Oppo,4,256,6000,4.8,50,16,3.6,40431,Android,0,615
Oppo,6,256,4500,5.3,50,16,4.1,40873,Android,1,720
Samsung,4,128,3000,5.3,48,16,3.7,23309,Android,1,600
Apple,6,128,4500,6.1,50,13,4.6,22694,iOS,1,1005
Vivo,12,64,4000,5.5,48,5,5.0,69632,Android,0,670
Xiaomi,6,256,5000,5.0,200,20,4.9,37499,Android,1,770
Realme,16,64,4500,6.4,50,13,4.6,8264,Android,0,735
Apple,2,256,5500,7.2,50,5,4.8,48850,iOS,1,1140
Apple,6,1024,5000,6.4,64,13,4.4,67987,iOS,1,1435
OnePlus,4,128,4000,5.5,50,32,3.4,7351,Android,1,650
OnePlus,3,256,4500,6.9,13,16,3.7,25012,Android,1,685
Samsung,8,64,5000,6.5,50,13,3.7,77276,Android,1,705
Huawei,16,128,3000,7.0,48,8,4.7,70818,Android,1,905
Vivo,8,64,3500,5.5,200,20,3.4,13808,Android,1,605
Oppo,12,256,4500,5.2,13,32,4.0,77258,Android,0,765
Apple,16,256,4500,5.3,48,5,4.4,5397,iOS,1,1100
Samsung,8,256,2500,5.1,50,20,3.1,65080,Android,1,775
Samsung,16,128,2500,7.2,200,16,4.1,65338,Android,1,910
Xiaomi,8,128,5000,5.4,48,16,4.8,14430,Android,1,585
Huawei,4,128,5000,6.0,64,13,3.5,11340,Android,0,595
Samsung,6,256,4000,6.3,48,13,3.6,36953,Android,0,775
Samsung,6,64,2500,6.7,48,20,4.6,27450,Android,1,715
Xiaomi,6,128,4000,5.2,64,20,3.4,41877,Android,1,630
Xiaomi,16,256,5500,6.0,12,16,4.2,14967,Android,0,750
Nokia,8,256,5000,4.9,64,8,4.0,61118,Android,0,620
Samsung,4,128,4500,4.9,13,20,3.2,69913,Android,1,660
Samsung,3,32,4500,6.4,48,16,4.3,50670,Android,1,685
Vivo,12,128,3500,6.2,108,8,3.7,19038,Android,1,705
Apple,8,64,3500,4.9,108,16,3.6,19504,iOS,1,925
Sony,12,256,4500,4.8,12,13,3.1,71849,Android,0,790
Motorola,6,32,5000,6.8,13,16,3.5,62129,Android,0,615
Xiaomi,6,128,4000,6.4,64,8,3.7,24070,Android,1,630
Nokia,2,256,3500,5.3,108,16,4.5,2079,Android,0,575
Xiaomi,6,256,5000,7.0,50,8,3.3,76152,Android,1,685
Xiaomi,4,32,5500,5.5,108,13,5.0,66954,Android,1,635
Samsung,6,128,4000,5.1,64,13,3.6,53649,Android,1,675
Xiaomi,6,1024,4000,5.8,48,16,4.5,18595,Android,1,920
Realme,4,128,4500,5.7,108,20,4.3,47338,Android,0,635
Samsung,6,128,5500,5.2,48,13,4.0,47024,Android,0,625
Huawei,6,256,6000,5.3,64,16,4.4,45851,Android,1,800
Oppo,8,64,4000,6.0,64,16,3.5,45141,Android,0,625
Oppo,8,256,5500,5.6,12,16,3.5,40391,Android,0,610
Vivo,16,512,4500,6.6,48,20,4.2,31855,Android,0,855
Motorola,6,128,4000,5.2,50,8,4.1,16663,Android,0,585
Xiaomi,6,128,5000,6.9,108,16,4.2,40449,Android,1,715
Apple,3,128,4000,6.1,13,16,3.8,16800,iOS,1,910
Samsung,6,64,3000,6.9,64,5,4.8,54608,Android,1,780
Xiaomi,6,256,4000,5.6,50,20,4.1,32586,Android,0,685
Realme,8,256,5500,4.7,50,8,4.5,60163,Android,0,670
Samsung,3,128,3500,6.0,50,8,3.8,40660,Android,1,630
Vivo,4,256,4000,6.8,48,13,3.2,211,Android,1,645
Samsung,3,256,4000,5.0,50,32,3.1,11147,Android,1,635
Xiaomi,6,64,5000,6.3,48,5,4.1,76508,Android,0,540
Xiaomi,4,512,4000,6.2,50,13,4.1,7541,Android,1,775
Vivo,12,256,4500,4.9,13,16,4.3,7390,Android,1,725
Realme,8,64,5000,5.5,64,20,3.1,47314,Android,1,625
Huawei,16,256,5000,5.0,50,13,4.0,3886,Android,1,865
OnePlus,8,128,3500,6.8,50,13,3.6,74246,Android,1,770
Nokia,6,256,4000,5.8,64,8,4.7,7489,Android,0,650
Xiaomi,2,256,5000,7.0,64,13,4.1,41249,Android,0,655
OnePlus,6,512,5500,6.2,13,16,4.7,67463,Android,1,860
Apple,4,256,3500,6.3,13,20,3.6,9808,iOS,1,995
Huawei,6,256,3000,5.0,64,13,4.9,55828,Android,1,710
Apple,6,256,3000,6.3,64,13,4.7,44714,iOS,0,1060
OnePlus,6,128,5500,5.2,48,13,3.8,48420,Android,1,705
Huawei,4,128,4500,6.8,13,16,3.8,60761,Android,0,580
Samsung,8,128,4500,5.8,13,20,4.6,74597,Android,1,775
Samsung,8,128,5500,7.0,50,13,3.5,58526,Android,1,835
Xiaomi,6,64,4500,6.0,108,32,4.6,26629,Android,0,565
Apple,4,64,5000,7.0,13,13,4.9,21292,iOS,1,985
Motorola,12,256,4500,6.2,12,8,3.7,15723,Android,0,625
Sony,4,64,4500,5.1,64,13,3.6,33653,Android,1,695
Xiaomi,16,512,5500,5.9,108,20,3.1,62947,Android,0,915
Nokia,16,128,5000,6.2,64,8,4.5,71930,Android,0,750
Huawei,6,32,4500,5.9,13,32,3.7,41159,Android,1,590
Sony,4,128,4500,5.8,64,32,3.8,74329,Android,0,665
Samsung,4,512,4500,6.8,50,13,3.2,38168,Android,1,845
Apple,6,512,4000,4.7,13,20,4.9,23381,iOS,1,1150
Oppo,6,512,4000,5.0,50,32,3.6,52149,Android,1,800
Nokia,8,64,4500,5.2,48,13,4.5,18498,Android,1,590
Samsung,6,128,4000,6.1,50,13,4.2,17874,Android,0,685
Apple,4,64,3000,4.7,64,32,3.4,25192,iOS,0,875
Samsung,8,256,3000,5.6,13,8,3.9,54946,Android,0,735
Apple,6,128,4000,5.3,48,13,3.1,77156,iOS,0,875
Oppo,4,256,4500,7.1,12,8,4.4,14377,Android,0,625
Nokia,12,32,4500,6.2,108,13,4.7,7498,Android,1,680
Xiaomi,2,512,2500,5.2,13,16,3.8,26353,Android,0,525
Oppo,8,1024,4500,6.4,48,16,4.3,53508,Android,1,1085
Sony,12,128,3000,5.1,64,8,4.0,13923,Android,1,840
Apple,6,256,5000,4.8,48,13,4.6,68966,iOS,0,975
Vivo,4,256,4000,5.0,50,32,4.2,40003,Android,1,535
Apple,8,512,4000,5.8,48,16,3.8,27602,iOS,0,1110
Apple,4,256,4500,5.3,108,13,4.0,8198,iOS,1,985
Apple,8,1024,5000,6.0,12,8,4.3,64101,iOS,1,1430
Apple,4,256,4000,5.7,108,20,4.7,73259,iOS,1,1135
Apple,6,128,3500,5.2,48,13,3.9,28946,iOS,1,1025
Samsung,2,128,4000,7.0,200,8,3.0,77625,Android,0,700
Apple,12,128,4000,5.7,64,13,3.1,21124,iOS,1,1095
Samsung,8,1024,4000,4.9,48,16,3.4,75203,Android,0,1025
Xiaomi,4,256,2500,6.1,13,20,4.0,61401,Android,1,630
Xiaomi,12,128,4500,5.3,12,20,4.7,35566,Android,0,635
Xiaomi,4,128,4000,6.0,64,16,3.8,43037,Android,1,610
Nokia,16,64,5500,6.3,12,5,4.8,24688,Android,0,735
Huawei,4,32,5500,6.5,48,5,3.0,23129,Android,0,540
Apple,4,32,4500,6.5,48,20,5.0,48589,iOS,0,915
Realme,8,128,4000,5.5,13,16,4.7,13866,Android,1,610
Oppo,6,256,4000,6.6,12,13,4.7,5599,Android,1,710
Motorola,4,128,4500,5.5,64,8,3.9,77566,Android,0,600
Asus,6,256,5000,5.8,108,13,3.4,55352,Android,1,735
Motorola,16,1024,5000,7.1,108,13,4.1,26036,Android,1,1150
Samsung,3,256,4500,4.9,64,32,3.2,6379,Android,1,675
Motorola,6,256,5000,5.5,50,5,4.9,1869,Android,0,615
Vivo,4,512,4500,5.4,12,13,3.6,38867,Android,1,685
Realme,6,256,3000,7.2,50,13,4.7,4501,Android,1,740
Oppo,8,64,5000,4.8,48,32,3.9,9562,Android,1,665
Huawei,8,1024,4500,5.9,12,8,3.7,19258,Android,0,1000
Sony,2,512,4000,6.4,108,16,3.9,37284,Android,1,905
Oppo,6,1024,4500,6.9,64,16,4.2,70996,Android,0,995
Samsung,4,32,5000,5.7,50,13,3.9,63232,Android,1,640
Samsung,4,1024,5000,6.0,48,13,4.4,39051,Android,1,1075
Oppo,4,128,6000,7.1,50,32,3.1,12025,Android,1,585
Huawei,4,128,4500,5.8,12,16,4.0,54306,Android,0,560
Realme,3,64,4500,6.5,48,13,3.1,68762,Android,0,495
Samsung,12,256,4500,6.2,200,20,3.6,1084,Android,0,810
Samsung,8,256,5500,5.1,13,13,3.9,71989,Android,1,805
Vivo,3,128,3000,6.2,200,20,4.0,66336,Android,1,780
Samsung,12,128,4500,5.0,12,16,3.6,4326,Android,0,695
Samsung,6,64,4500,6.2,48,8,4.3,49944,Android,1,645
Xiaomi,8,64,2500,5.2,13,5,4.8,75223,Android,0,615
Samsung,2,32,4500,5.0,50,13,4.7,41625,Android,0,595
Huawei,6,512,5500,6.2,108,13,4.0,9886,Android,0,790
Samsung,4,256,5500,4.9,50,13,3.9,21684,Android,0,700
Samsung,4,32,4000,5.1,64,13,4.8,31773,Android,1,660
Realme,6,64,5500,5.6,48,32,4.1,49511,Android,1,595
Apple,8,1024,5000,6.2,50,32,4.5,31729,iOS,0,1375
Apple,12,128,3500,6.1,50,13,3.3,15741,iOS,0,1010
Oppo,8,256,5000,5.3,12,13,4.8,26870,Android,0,670
Samsung,4,256,4500,6.7,48,20,3.0,78189,Android,1,775
Vivo,8,256,5000,5.3,50,16,4.7,31655,Android,1,745
Motorola,8,256,4500,6.6,12,8,4.0,27319,Android,1,790
Samsung,4,32,4000,5.3,108,32,4.8,66496,Android,0,635
Motorola,12,256,4500,5.4,48,13,4.4,18158,Android,0,655
Samsung,6,64,4000,4.8,12,8,4.3,52673,Android,1,630
Oppo,6,64,4500,5.9,12,16,3.3,33858,Android,1,605
Vivo,8,256,5500,6.7,64,32,4.1,46764,Android,1,810
Nokia,8,256,4000,7.1,108,16,4.4,43378,Android,0,715
Xiaomi,6,64,6000,4.8,48,5,3.5,19873,Android,0,570
Sony,4,64,5500,6.7,48,8,4.8,39543,Android,0,630
Oppo,6,32,5000,5.0,48,20,3.8,34123,Android,1,530
Asus,6,128,5500,5.1,48,16,3.2,53833,Android,1,710
Huawei,3,128,4500,5.4,200,16,3.6,15655,Android,1,665
Xiaomi,8,128,5000,5.0,48,20,4.8,3497,Android,1,580
Realme,8,256,4000,5.7,50,20,4.8,19229,Android,0,670
Samsung,4,256,5000,5.9,13,32,3.8,62101,Android,0,690
Realme,4,256,4500,5.9,108,20,4.0,52727,Android,1,745
Samsung,8,128,6000,7.0,64,8,5.0,56138,Android,1,820
OnePlus,8,128,5000,6.1,50,13,3.2,77243,Android,1,780
Samsung,12,128,4000,4.9,50,13,3.1,21556,Android,1,710
Samsung,6,64,4000,6.6,64,20,4.2,61671,Android,0,710
Oppo,8,128,3000,5.4,64,16,3.2,12635,Android,1,620
